-- Gestionar el diseño de la solución de la base de datos de acuerdo 
-- a estándares definidos por la industria y/o empresa.
-- Diseñar la solución de la base de datos de acuerdo a los principios de diseño.
--
-- Autor: Gabriel Romero
--

----------------------------------------------------------------------------------------- 

-- Creación Tabla Cursos Y PK 

CREATE TABLE cursos (
    cursoid            INTEGER NOT NULL,
    nombrecurso        VARCHAR2(100 CHAR)
);

ALTER TABLE cursos ADD CONSTRAINT cursos_pk PRIMARY KEY ( cursoid );


-- Creación Tabla Alumnos

CREATE TABLE alumnos (
    rutalumno                  INTEGER NOT NULL,
    nombrealumno               VARCHAR2(50 CHAR),
    primerapellidoalumno       VARCHAR2(50 CHAR),
    segundoapellidoalumno      VARCHAR2(50 CHAR),
    cursos_cursoid             INTEGER NOT NULL
);

ALTER TABLE alumnos ADD CONSTRAINT alumnos_pk PRIMARY KEY ( rutalumno );

-- Creación Tabla Test

CREATE TABLE test (
    testid                INTEGER NOT NULL,
    nombretest            VARCHAR2(150 CHAR),
    descripcion           VARCHAR2(255 CHAR),
    programa              VARCHAR2(150 CHAR),
    unidad                VARCHAR2(50 CHAR),
    autor                 VARCHAR2(50 CHAR),
    fechacreacion         DATE
);

ALTER TABLE test ADD CONSTRAINT test_pk PRIMARY KEY ( testid );

-- Creación Tabla Preguntas

CREATE TABLE preguntas (
    preguntaid  INTEGER NOT NULL,
    test_testid INTEGER NOT NULL,
    enunciado   VARCHAR2(255 CHAR) NOT NULL,
    opcion1     VARCHAR2(255 CHAR),
    opcion2     VARCHAR2(255 CHAR),
    opcion3     VARCHAR2(255 CHAR),
    opcion4     VARCHAR2(255 CHAR),
    puntaje100  NUMBER(2,2),
    puntaje50   NUMBER(2,2),
    respuesta1  CHAR(1),
    respuesta2  CHAR(1)
);

ALTER TABLE preguntas ADD CONSTRAINT preguntas_pk PRIMARY KEY ( preguntaid );

-- Creación Tabla Evaluaciones

CREATE TABLE evaluaciones (
    evaluacionid          INTEGER NOT NULL,
    rutalumno             INTEGER NOT NULL,
    testalumno            INTEGER NOT NULL,
    respuesta1a           NUMBER(1,0),
    respuesta1b           NUMBER(1,0),
    respuesta1c           NUMBER(1,0),
    respuesta1d           NUMBER(1,0),
    respuesta2a           NUMBER(1,0),
    respuesta2b           NUMBER(1,0),
    respuesta2c           NUMBER(1,0),
    respuesta2d           NUMBER(1,0),
    respuesta3a           NUMBER(1,0),
    respuesta3b           NUMBER(1,0),
    respuesta3c           NUMBER(1,0),
    respuesta3d           NUMBER(1,0),
    respuesta4a           NUMBER(1,0),
    respuesta4b           NUMBER(1,0),
    respuesta4c           NUMBER(1,0),
    respuesta4d           NUMBER(1,0),
    respuesta5a           NUMBER(1,0),
    respuesta5b           NUMBER(1,0),
    respuesta5c           NUMBER(1,0),
    respuesta5d           NUMBER(1,0),
    respuesta6a           NUMBER(1,0),
    respuesta6b           NUMBER(1,0),
    respuesta6c           NUMBER(1,0),
    respuesta6d           NUMBER(1,0),
    respuesta7a           NUMBER(1,0),
    respuesta7b           NUMBER(1,0),
    respuesta7c           NUMBER(1,0),
    respuesta7d           NUMBER(1,0)
);

ALTER TABLE evaluaciones ADD CONSTRAINT evaluaciones_pk PRIMARY KEY ( evaluacionid );

--------------------------------------------------------------------------------------------------
-- Creación de FK

ALTER TABLE alumnos
    ADD CONSTRAINT alumnos_cursoid_fk FOREIGN KEY ( cursos_cursoid )
        REFERENCES cursos ( cursoid );
       
ALTER TABLE preguntas
    ADD CONSTRAINT preguntas_testid_fk FOREIGN KEY ( test_testid )
        REFERENCES test ( testid );
        
ALTER TABLE evaluaciones
    ADD CONSTRAINT evaluaciones_rutalumno_fk FOREIGN KEY ( rutalumno )
        REFERENCES alumnos ( rutalumno );
        
ALTER TABLE evaluaciones
    ADD CONSTRAINT evaluaciones_testalumno_fk FOREIGN KEY ( testalumno )
        REFERENCES test ( testid );
---------------------------------------------------------------------------------------------------
--INSERT Table Cursos

INSERT INTO cursos (cursoid,nombrecurso) VALUES (1,'JAVA FULL STACK TRAINEE');
INSERT INTO cursos (cursoid,nombrecurso) VALUES (2,'PROGRAMACION ANDROID');

--INSERT Table Alumnos

INSERT INTO ALUMNOS (RUTALUMNO, NOMBREALUMNO, PRIMERAPELLIDOALUMNO, SEGUNDOAPELLIDOALUMNO, CURSOS_CURSOID) VALUES ('123456789', 'GABRIEL', 'ROMERO', 'CANELON', '1');
INSERT INTO ALUMNOS (RUTALUMNO, NOMBREALUMNO, PRIMERAPELLIDOALUMNO, SEGUNDOAPELLIDOALUMNO, CURSOS_CURSOID) VALUES ('234567891', 'ENRIQUE', 'TRUJILLO', 'MORA', '2');
INSERT INTO ALUMNOS (RUTALUMNO, NOMBREALUMNO, PRIMERAPELLIDOALUMNO, SEGUNDOAPELLIDOALUMNO, CURSOS_CURSOID) VALUES ('345678912', 'CAROLINA', 'LARRAIN', 'ROMERO', '1');
INSERT INTO ALUMNOS (RUTALUMNO, NOMBREALUMNO, PRIMERAPELLIDOALUMNO, SEGUNDOAPELLIDOALUMNO, CURSOS_CURSOID) VALUES ('456789123', 'ANTONIETA', 'PEREZ', 'OZUNA', '1');
INSERT INTO ALUMNOS (RUTALUMNO, NOMBREALUMNO, PRIMERAPELLIDOALUMNO, SEGUNDOAPELLIDOALUMNO, CURSOS_CURSOID) VALUES ('567891234', 'PEDRO', 'PEREZ', 'AZOCAR', '2');
INSERT INTO ALUMNOS (RUTALUMNO, NOMBREALUMNO, PRIMERAPELLIDOALUMNO, SEGUNDOAPELLIDOALUMNO, CURSOS_CURSOID) VALUES ('678912345', 'ALBERTO', 'MARCANO', 'TAPIA', '2');
INSERT INTO ALUMNOS (RUTALUMNO, NOMBREALUMNO, PRIMERAPELLIDOALUMNO, SEGUNDOAPELLIDOALUMNO, CURSOS_CURSOID) VALUES ('789123456', 'LILIANA', 'RODRIGUEZ', 'MARTINEZ', '1');
INSERT INTO ALUMNOS (RUTALUMNO, NOMBREALUMNO, PRIMERAPELLIDOALUMNO, SEGUNDOAPELLIDOALUMNO, CURSOS_CURSOID) VALUES ('891234567', 'JOSE', 'DOMINGUEZ', 'NATERA', '2');
INSERT INTO ALUMNOS (RUTALUMNO, NOMBREALUMNO, PRIMERAPELLIDOALUMNO, SEGUNDOAPELLIDOALUMNO, CURSOS_CURSOID) VALUES ('912345678', 'YAMILA', 'GORRIN', 'RODRIGUEZ', '1');
INSERT INTO ALUMNOS (RUTALUMNO, NOMBREALUMNO, PRIMERAPELLIDOALUMNO, SEGUNDOAPELLIDOALUMNO, CURSOS_CURSOID) VALUES ('987654321', 'RODRIGO', 'MATTEI', 'LARRAIN', '2');

--INSERT Table Test

Insert into TEST (TESTID,NOMBRETEST,DESCRIPCION,PROGRAMA,UNIDAD,AUTOR,FECHACREACION) values ('1','ALGORITMOS','ALGORITMOS','JAVA FULL STACK TRAINEE','1','PEDRO',to_date('01/01/20','DD/MM/RR'));
Insert into TEST (TESTID,NOMBRETEST,DESCRIPCION,PROGRAMA,UNIDAD,AUTOR,FECHACREACION) values ('2','JAVA','JAVA','JAVA FULL STACK TRAINEE','2','PEDRO',to_date('18/01/20','DD/MM/RR'));
Insert into TEST (TESTID,NOMBRETEST,DESCRIPCION,PROGRAMA,UNIDAD,AUTOR,FECHACREACION) values ('3','SQL','SQL','JAVA FULL STACK TRAINEE','3','PEDRO',to_date('15/02/20','DD/MM/RR'));
Insert into TEST (TESTID,NOMBRETEST,DESCRIPCION,PROGRAMA,UNIDAD,AUTOR,FECHACREACION) values ('4','WEB','WEB','JAVA FULL STACK TRAINEE','4','PEDRO',to_date('10/03/20','DD/MM/RR'));
Insert into TEST (TESTID,NOMBRETEST,DESCRIPCION,PROGRAMA,UNIDAD,AUTOR,FECHACREACION) values ('5','ANDROID1','ANDROID1','PROGRAMACION ANDROID','1','SANDRA',to_date('10/02/20','DD/MM/RR'));
Insert into TEST (TESTID,NOMBRETEST,DESCRIPCION,PROGRAMA,UNIDAD,AUTOR,FECHACREACION) values ('6','ANDROID2','ANDROID2','PROGRAMACION ANDROID','2','SANDRA',to_date('05/03/20','DD/MM/RR'));
Insert into TEST (TESTID,NOMBRETEST,DESCRIPCION,PROGRAMA,UNIDAD,AUTOR,FECHACREACION) values ('7','ANDROID3','ANDROID3','PROGRAMACION ANDROID','3','SANDRA',to_date('30/03/20','DD/MM/RR'));
Insert into TEST (TESTID,NOMBRETEST,DESCRIPCION,PROGRAMA,UNIDAD,AUTOR,FECHACREACION) values ('8','ANDROID4','ANDROID4','PROGRAMACION ANDROID','4','SANDRA',to_date('20/04/20','DD/MM/RR'));

-- INSERT Table Preguntas

Insert into PREGUNTAS (PREGUNTAID,TEST_TESTID,ENUNCIADO,OPCION1,OPCION2,OPCION3,OPCION4,PUNTAJE100,PUNTAJE50,RESPUESTA1,RESPUESTA2) values ('1','1','PREGUNTA1','1','2','3','4','0,5','0,5','1','2');
Insert into PREGUNTAS (PREGUNTAID,TEST_TESTID,ENUNCIADO,OPCION1,OPCION2,OPCION3,OPCION4,PUNTAJE100,PUNTAJE50,RESPUESTA1,RESPUESTA2) values ('2','1','PREGUNTA2','1','2','3','4','0,5','0,5','2','3');
Insert into PREGUNTAS (PREGUNTAID,TEST_TESTID,ENUNCIADO,OPCION1,OPCION2,OPCION3,OPCION4,PUNTAJE100,PUNTAJE50,RESPUESTA1,RESPUESTA2) values ('3','1','PREGUNTA3','1','2','3','4','0,4','0,6','3','4');
Insert into PREGUNTAS (PREGUNTAID,TEST_TESTID,ENUNCIADO,OPCION1,OPCION2,OPCION3,OPCION4,PUNTAJE100,PUNTAJE50,RESPUESTA1,RESPUESTA2) values ('4','1','PREGUNTA4','1','2','3','4','0,6','0,4','4','1');
Insert into PREGUNTAS (PREGUNTAID,TEST_TESTID,ENUNCIADO,OPCION1,OPCION2,OPCION3,OPCION4,PUNTAJE100,PUNTAJE50,RESPUESTA1,RESPUESTA2) values ('5','1','PREGUNTA5','1','2','3','4','0,35','0,65','1','3');
Insert into PREGUNTAS (PREGUNTAID,TEST_TESTID,ENUNCIADO,OPCION1,OPCION2,OPCION3,OPCION4,PUNTAJE100,PUNTAJE50,RESPUESTA1,RESPUESTA2) values ('6','1','PREGUNTA6','1','2','3','4','0,5','0,5','2','1');
Insert into PREGUNTAS (PREGUNTAID,TEST_TESTID,ENUNCIADO,OPCION1,OPCION2,OPCION3,OPCION4,PUNTAJE100,PUNTAJE50,RESPUESTA1,RESPUESTA2) values ('7','1','PREGUNTA7','1','2','3','4','0,5','0,5','3','4');
Insert into PREGUNTAS (PREGUNTAID,TEST_TESTID,ENUNCIADO,OPCION1,OPCION2,OPCION3,OPCION4,PUNTAJE100,PUNTAJE50,RESPUESTA1,RESPUESTA2) values ('8','2','PREGUNTA1','1','2','3','4','0,5','0,5','1','2');
Insert into PREGUNTAS (PREGUNTAID,TEST_TESTID,ENUNCIADO,OPCION1,OPCION2,OPCION3,OPCION4,PUNTAJE100,PUNTAJE50,RESPUESTA1,RESPUESTA2) values ('9','2','PREGUNTA2','1','2','3','4','0,5','0,5','2','3');
Insert into PREGUNTAS (PREGUNTAID,TEST_TESTID,ENUNCIADO,OPCION1,OPCION2,OPCION3,OPCION4,PUNTAJE100,PUNTAJE50,RESPUESTA1,RESPUESTA2) values ('10','2','PREGUNTA3','1','2','3','4','0,4','0,6','3','4');
Insert into PREGUNTAS (PREGUNTAID,TEST_TESTID,ENUNCIADO,OPCION1,OPCION2,OPCION3,OPCION4,PUNTAJE100,PUNTAJE50,RESPUESTA1,RESPUESTA2) values ('11','2','PREGUNTA4','1','2','3','4','0,6','0,4','4','1');
Insert into PREGUNTAS (PREGUNTAID,TEST_TESTID,ENUNCIADO,OPCION1,OPCION2,OPCION3,OPCION4,PUNTAJE100,PUNTAJE50,RESPUESTA1,RESPUESTA2) values ('12','2','PREGUNTA5','1','2','3','4','0,35','0,65','1','3');
Insert into PREGUNTAS (PREGUNTAID,TEST_TESTID,ENUNCIADO,OPCION1,OPCION2,OPCION3,OPCION4,PUNTAJE100,PUNTAJE50,RESPUESTA1,RESPUESTA2) values ('13','2','PREGUNTA6','1','2','3','4','0,5','0,5','2','1');
Insert into PREGUNTAS (PREGUNTAID,TEST_TESTID,ENUNCIADO,OPCION1,OPCION2,OPCION3,OPCION4,PUNTAJE100,PUNTAJE50,RESPUESTA1,RESPUESTA2) values ('14','2','PREGUNTA7','1','2','3','4','0,5','0,5','3','4');
Insert into PREGUNTAS (PREGUNTAID,TEST_TESTID,ENUNCIADO,OPCION1,OPCION2,OPCION3,OPCION4,PUNTAJE100,PUNTAJE50,RESPUESTA1,RESPUESTA2) values ('15','3','PREGUNTA1','1','2','3','4','0,5','0,5','1','2');
Insert into PREGUNTAS (PREGUNTAID,TEST_TESTID,ENUNCIADO,OPCION1,OPCION2,OPCION3,OPCION4,PUNTAJE100,PUNTAJE50,RESPUESTA1,RESPUESTA2) values ('16','3','PREGUNTA2','1','2','3','4','0,5','0,5','2','3');
Insert into PREGUNTAS (PREGUNTAID,TEST_TESTID,ENUNCIADO,OPCION1,OPCION2,OPCION3,OPCION4,PUNTAJE100,PUNTAJE50,RESPUESTA1,RESPUESTA2) values ('17','3','PREGUNTA3','1','2','3','4','0,4','0,6','3','4');
Insert into PREGUNTAS (PREGUNTAID,TEST_TESTID,ENUNCIADO,OPCION1,OPCION2,OPCION3,OPCION4,PUNTAJE100,PUNTAJE50,RESPUESTA1,RESPUESTA2) values ('18','3','PREGUNTA4','1','2','3','4','0,6','0,4','4','1');
Insert into PREGUNTAS (PREGUNTAID,TEST_TESTID,ENUNCIADO,OPCION1,OPCION2,OPCION3,OPCION4,PUNTAJE100,PUNTAJE50,RESPUESTA1,RESPUESTA2) values ('19','3','PREGUNTA5','1','2','3','4','0,35','0,65','1','3');
Insert into PREGUNTAS (PREGUNTAID,TEST_TESTID,ENUNCIADO,OPCION1,OPCION2,OPCION3,OPCION4,PUNTAJE100,PUNTAJE50,RESPUESTA1,RESPUESTA2) values ('20','3','PREGUNTA6','1','2','3','4','0,5','0,5','2','1');
Insert into PREGUNTAS (PREGUNTAID,TEST_TESTID,ENUNCIADO,OPCION1,OPCION2,OPCION3,OPCION4,PUNTAJE100,PUNTAJE50,RESPUESTA1,RESPUESTA2) values ('21','3','PREGUNTA7','1','2','3','4','0,5','0,5','3','4');
Insert into PREGUNTAS (PREGUNTAID,TEST_TESTID,ENUNCIADO,OPCION1,OPCION2,OPCION3,OPCION4,PUNTAJE100,PUNTAJE50,RESPUESTA1,RESPUESTA2) values ('22','4','PREGUNTA1','1','2','3','4','0,5','0,5','1','2');
Insert into PREGUNTAS (PREGUNTAID,TEST_TESTID,ENUNCIADO,OPCION1,OPCION2,OPCION3,OPCION4,PUNTAJE100,PUNTAJE50,RESPUESTA1,RESPUESTA2) values ('23','4','PREGUNTA2','1','2','3','4','0,5','0,5','2','3');
Insert into PREGUNTAS (PREGUNTAID,TEST_TESTID,ENUNCIADO,OPCION1,OPCION2,OPCION3,OPCION4,PUNTAJE100,PUNTAJE50,RESPUESTA1,RESPUESTA2) values ('24','4','PREGUNTA3','1','2','3','4','0,4','0,6','3','4');
Insert into PREGUNTAS (PREGUNTAID,TEST_TESTID,ENUNCIADO,OPCION1,OPCION2,OPCION3,OPCION4,PUNTAJE100,PUNTAJE50,RESPUESTA1,RESPUESTA2) values ('25','4','PREGUNTA4','1','2','3','4','0,6','0,4','4','1');
Insert into PREGUNTAS (PREGUNTAID,TEST_TESTID,ENUNCIADO,OPCION1,OPCION2,OPCION3,OPCION4,PUNTAJE100,PUNTAJE50,RESPUESTA1,RESPUESTA2) values ('26','4','PREGUNTA5','1','2','3','4','0,35','0,65','1','3');
Insert into PREGUNTAS (PREGUNTAID,TEST_TESTID,ENUNCIADO,OPCION1,OPCION2,OPCION3,OPCION4,PUNTAJE100,PUNTAJE50,RESPUESTA1,RESPUESTA2) values ('27','4','PREGUNTA6','1','2','3','4','0,5','0,5','2','1');
Insert into PREGUNTAS (PREGUNTAID,TEST_TESTID,ENUNCIADO,OPCION1,OPCION2,OPCION3,OPCION4,PUNTAJE100,PUNTAJE50,RESPUESTA1,RESPUESTA2) values ('28','4','PREGUNTA7','1','2','3','4','0,5','0,5','3','4');
Insert into PREGUNTAS (PREGUNTAID,TEST_TESTID,ENUNCIADO,OPCION1,OPCION2,OPCION3,OPCION4,PUNTAJE100,PUNTAJE50,RESPUESTA1,RESPUESTA2) values ('29','5','PREGUNTA1','1','2','3','4','0,5','0,5','1','2');
Insert into PREGUNTAS (PREGUNTAID,TEST_TESTID,ENUNCIADO,OPCION1,OPCION2,OPCION3,OPCION4,PUNTAJE100,PUNTAJE50,RESPUESTA1,RESPUESTA2) values ('30','5','PREGUNTA2','1','2','3','4','0,5','0,5','2','3');
Insert into PREGUNTAS (PREGUNTAID,TEST_TESTID,ENUNCIADO,OPCION1,OPCION2,OPCION3,OPCION4,PUNTAJE100,PUNTAJE50,RESPUESTA1,RESPUESTA2) values ('31','5','PREGUNTA3','1','2','3','4','0,4','0,6','3','4');
Insert into PREGUNTAS (PREGUNTAID,TEST_TESTID,ENUNCIADO,OPCION1,OPCION2,OPCION3,OPCION4,PUNTAJE100,PUNTAJE50,RESPUESTA1,RESPUESTA2) values ('32','5','PREGUNTA4','1','2','3','4','0,6','0,4','4','1');
Insert into PREGUNTAS (PREGUNTAID,TEST_TESTID,ENUNCIADO,OPCION1,OPCION2,OPCION3,OPCION4,PUNTAJE100,PUNTAJE50,RESPUESTA1,RESPUESTA2) values ('33','5','PREGUNTA5','1','2','3','4','0,35','0,65','1','3');
Insert into PREGUNTAS (PREGUNTAID,TEST_TESTID,ENUNCIADO,OPCION1,OPCION2,OPCION3,OPCION4,PUNTAJE100,PUNTAJE50,RESPUESTA1,RESPUESTA2) values ('34','5','PREGUNTA6','1','2','3','4','0,5','0,5','2','1');
Insert into PREGUNTAS (PREGUNTAID,TEST_TESTID,ENUNCIADO,OPCION1,OPCION2,OPCION3,OPCION4,PUNTAJE100,PUNTAJE50,RESPUESTA1,RESPUESTA2) values ('35','5','PREGUNTA7','1','2','3','4','0,5','0,5','3','4');
Insert into PREGUNTAS (PREGUNTAID,TEST_TESTID,ENUNCIADO,OPCION1,OPCION2,OPCION3,OPCION4,PUNTAJE100,PUNTAJE50,RESPUESTA1,RESPUESTA2) values ('36','6','PREGUNTA1','1','2','3','4','0,5','0,5','1','2');
Insert into PREGUNTAS (PREGUNTAID,TEST_TESTID,ENUNCIADO,OPCION1,OPCION2,OPCION3,OPCION4,PUNTAJE100,PUNTAJE50,RESPUESTA1,RESPUESTA2) values ('37','6','PREGUNTA2','1','2','3','4','0,5','0,5','2','3');
Insert into PREGUNTAS (PREGUNTAID,TEST_TESTID,ENUNCIADO,OPCION1,OPCION2,OPCION3,OPCION4,PUNTAJE100,PUNTAJE50,RESPUESTA1,RESPUESTA2) values ('38','6','PREGUNTA3','1','2','3','4','0,4','0,6','3','4');
Insert into PREGUNTAS (PREGUNTAID,TEST_TESTID,ENUNCIADO,OPCION1,OPCION2,OPCION3,OPCION4,PUNTAJE100,PUNTAJE50,RESPUESTA1,RESPUESTA2) values ('39','6','PREGUNTA4','1','2','3','4','0,6','0,4','4','1');
Insert into PREGUNTAS (PREGUNTAID,TEST_TESTID,ENUNCIADO,OPCION1,OPCION2,OPCION3,OPCION4,PUNTAJE100,PUNTAJE50,RESPUESTA1,RESPUESTA2) values ('40','6','PREGUNTA5','1','2','3','4','0,35','0,65','1','3');
Insert into PREGUNTAS (PREGUNTAID,TEST_TESTID,ENUNCIADO,OPCION1,OPCION2,OPCION3,OPCION4,PUNTAJE100,PUNTAJE50,RESPUESTA1,RESPUESTA2) values ('41','6','PREGUNTA6','1','2','3','4','0,5','0,5','2','1');
Insert into PREGUNTAS (PREGUNTAID,TEST_TESTID,ENUNCIADO,OPCION1,OPCION2,OPCION3,OPCION4,PUNTAJE100,PUNTAJE50,RESPUESTA1,RESPUESTA2) values ('42','6','PREGUNTA7','1','2','3','4','0,5','0,5','3','4');
Insert into PREGUNTAS (PREGUNTAID,TEST_TESTID,ENUNCIADO,OPCION1,OPCION2,OPCION3,OPCION4,PUNTAJE100,PUNTAJE50,RESPUESTA1,RESPUESTA2) values ('43','7','PREGUNTA1','1','2','3','4','0,5','0,5','1','2');
Insert into PREGUNTAS (PREGUNTAID,TEST_TESTID,ENUNCIADO,OPCION1,OPCION2,OPCION3,OPCION4,PUNTAJE100,PUNTAJE50,RESPUESTA1,RESPUESTA2) values ('44','7','PREGUNTA2','1','2','3','4','0,5','0,5','2','3');
Insert into PREGUNTAS (PREGUNTAID,TEST_TESTID,ENUNCIADO,OPCION1,OPCION2,OPCION3,OPCION4,PUNTAJE100,PUNTAJE50,RESPUESTA1,RESPUESTA2) values ('45','7','PREGUNTA3','1','2','3','4','0,4','0,6','3','4');
Insert into PREGUNTAS (PREGUNTAID,TEST_TESTID,ENUNCIADO,OPCION1,OPCION2,OPCION3,OPCION4,PUNTAJE100,PUNTAJE50,RESPUESTA1,RESPUESTA2) values ('46','7','PREGUNTA4','1','2','3','4','0,6','0,4','4','1');
Insert into PREGUNTAS (PREGUNTAID,TEST_TESTID,ENUNCIADO,OPCION1,OPCION2,OPCION3,OPCION4,PUNTAJE100,PUNTAJE50,RESPUESTA1,RESPUESTA2) values ('47','7','PREGUNTA5','1','2','3','4','0,35','0,65','1','3');
Insert into PREGUNTAS (PREGUNTAID,TEST_TESTID,ENUNCIADO,OPCION1,OPCION2,OPCION3,OPCION4,PUNTAJE100,PUNTAJE50,RESPUESTA1,RESPUESTA2) values ('48','7','PREGUNTA6','1','2','3','4','0,5','0,5','2','1');
Insert into PREGUNTAS (PREGUNTAID,TEST_TESTID,ENUNCIADO,OPCION1,OPCION2,OPCION3,OPCION4,PUNTAJE100,PUNTAJE50,RESPUESTA1,RESPUESTA2) values ('49','7','PREGUNTA7','1','2','3','4','0,5','0,5','3','4');
Insert into PREGUNTAS (PREGUNTAID,TEST_TESTID,ENUNCIADO,OPCION1,OPCION2,OPCION3,OPCION4,PUNTAJE100,PUNTAJE50,RESPUESTA1,RESPUESTA2) values ('50','8','PREGUNTA1','1','2','3','4','0,5','0,5','1','2');
Insert into PREGUNTAS (PREGUNTAID,TEST_TESTID,ENUNCIADO,OPCION1,OPCION2,OPCION3,OPCION4,PUNTAJE100,PUNTAJE50,RESPUESTA1,RESPUESTA2) values ('51','8','PREGUNTA2','1','2','3','4','0,5','0,5','2','3');
Insert into PREGUNTAS (PREGUNTAID,TEST_TESTID,ENUNCIADO,OPCION1,OPCION2,OPCION3,OPCION4,PUNTAJE100,PUNTAJE50,RESPUESTA1,RESPUESTA2) values ('52','8','PREGUNTA3','1','2','3','4','0,4','0,6','3','4');
Insert into PREGUNTAS (PREGUNTAID,TEST_TESTID,ENUNCIADO,OPCION1,OPCION2,OPCION3,OPCION4,PUNTAJE100,PUNTAJE50,RESPUESTA1,RESPUESTA2) values ('53','8','PREGUNTA4','1','2','3','4','0,6','0,4','4','1');
Insert into PREGUNTAS (PREGUNTAID,TEST_TESTID,ENUNCIADO,OPCION1,OPCION2,OPCION3,OPCION4,PUNTAJE100,PUNTAJE50,RESPUESTA1,RESPUESTA2) values ('54','8','PREGUNTA5','1','2','3','4','0,35','0,65','1','3');
Insert into PREGUNTAS (PREGUNTAID,TEST_TESTID,ENUNCIADO,OPCION1,OPCION2,OPCION3,OPCION4,PUNTAJE100,PUNTAJE50,RESPUESTA1,RESPUESTA2) values ('55','8','PREGUNTA6','1','2','3','4','0,5','0,5','2','1');
Insert into PREGUNTAS (PREGUNTAID,TEST_TESTID,ENUNCIADO,OPCION1,OPCION2,OPCION3,OPCION4,PUNTAJE100,PUNTAJE50,RESPUESTA1,RESPUESTA2) values ('56','8','PREGUNTA7','1','2','3','4','0,5','0,5','3','4');

-- INSERT Table Evaluaciones

Insert into EVALUACIONES (EVALUACIONID,RUTALUMNO,TESTALUMNO,RESPUESTA1A,RESPUESTA1B,RESPUESTA1C,RESPUESTA1D,RESPUESTA2A,RESPUESTA2B,RESPUESTA2C,RESPUESTA2D,RESPUESTA3A,RESPUESTA3B,RESPUESTA3C,RESPUESTA3D,RESPUESTA4A,RESPUESTA4B,RESPUESTA4C,RESPUESTA4D,RESPUESTA5A,RESPUESTA5B,RESPUESTA5C,RESPUESTA5D,RESPUESTA6A,RESPUESTA6B,RESPUESTA6C,RESPUESTA6D,RESPUESTA7A,RESPUESTA7B,RESPUESTA7C,RESPUESTA7D) values ('1','123456789','1','1','1','0','0','0','1','1','0','0','0','1','1','1','0','0','1','1','0','1','0','1','1','0','0','0','0','1','1');
Insert into EVALUACIONES (EVALUACIONID,RUTALUMNO,TESTALUMNO,RESPUESTA1A,RESPUESTA1B,RESPUESTA1C,RESPUESTA1D,RESPUESTA2A,RESPUESTA2B,RESPUESTA2C,RESPUESTA2D,RESPUESTA3A,RESPUESTA3B,RESPUESTA3C,RESPUESTA3D,RESPUESTA4A,RESPUESTA4B,RESPUESTA4C,RESPUESTA4D,RESPUESTA5A,RESPUESTA5B,RESPUESTA5C,RESPUESTA5D,RESPUESTA6A,RESPUESTA6B,RESPUESTA6C,RESPUESTA6D,RESPUESTA7A,RESPUESTA7B,RESPUESTA7C,RESPUESTA7D) values ('2','345678912','1','0','1','0','0','0','1','1','0','1','0','0','0','1','1','0','0','1','0','1','0','1','0','0','0','0','1','1','0');
Insert into EVALUACIONES (EVALUACIONID,RUTALUMNO,TESTALUMNO,RESPUESTA1A,RESPUESTA1B,RESPUESTA1C,RESPUESTA1D,RESPUESTA2A,RESPUESTA2B,RESPUESTA2C,RESPUESTA2D,RESPUESTA3A,RESPUESTA3B,RESPUESTA3C,RESPUESTA3D,RESPUESTA4A,RESPUESTA4B,RESPUESTA4C,RESPUESTA4D,RESPUESTA5A,RESPUESTA5B,RESPUESTA5C,RESPUESTA5D,RESPUESTA6A,RESPUESTA6B,RESPUESTA6C,RESPUESTA6D,RESPUESTA7A,RESPUESTA7B,RESPUESTA7C,RESPUESTA7D) values ('3','456789123','1','1','1','0','0','0','1','0','1','0','1','0','0','0','0','0','0','1','1','0','0','0','0','0','0','0','0','0','0');
Insert into EVALUACIONES (EVALUACIONID,RUTALUMNO,TESTALUMNO,RESPUESTA1A,RESPUESTA1B,RESPUESTA1C,RESPUESTA1D,RESPUESTA2A,RESPUESTA2B,RESPUESTA2C,RESPUESTA2D,RESPUESTA3A,RESPUESTA3B,RESPUESTA3C,RESPUESTA3D,RESPUESTA4A,RESPUESTA4B,RESPUESTA4C,RESPUESTA4D,RESPUESTA5A,RESPUESTA5B,RESPUESTA5C,RESPUESTA5D,RESPUESTA6A,RESPUESTA6B,RESPUESTA6C,RESPUESTA6D,RESPUESTA7A,RESPUESTA7B,RESPUESTA7C,RESPUESTA7D) values ('4','789123456','1','0','0','0','0','0','0','0','0','0','0','1','1','1','0','1','1','0','0','1','0','1','1','0','0','0','0','1','1');
Insert into EVALUACIONES (EVALUACIONID,RUTALUMNO,TESTALUMNO,RESPUESTA1A,RESPUESTA1B,RESPUESTA1C,RESPUESTA1D,RESPUESTA2A,RESPUESTA2B,RESPUESTA2C,RESPUESTA2D,RESPUESTA3A,RESPUESTA3B,RESPUESTA3C,RESPUESTA3D,RESPUESTA4A,RESPUESTA4B,RESPUESTA4C,RESPUESTA4D,RESPUESTA5A,RESPUESTA5B,RESPUESTA5C,RESPUESTA5D,RESPUESTA6A,RESPUESTA6B,RESPUESTA6C,RESPUESTA6D,RESPUESTA7A,RESPUESTA7B,RESPUESTA7C,RESPUESTA7D) values ('5','912345678','1','1','1','0','0','0','1','1','0','0','0','1','1','1','0','0','1','1','0','1','0','1','1','0','0','0','0','1','1');
Insert into EVALUACIONES (EVALUACIONID,RUTALUMNO,TESTALUMNO,RESPUESTA1A,RESPUESTA1B,RESPUESTA1C,RESPUESTA1D,RESPUESTA2A,RESPUESTA2B,RESPUESTA2C,RESPUESTA2D,RESPUESTA3A,RESPUESTA3B,RESPUESTA3C,RESPUESTA3D,RESPUESTA4A,RESPUESTA4B,RESPUESTA4C,RESPUESTA4D,RESPUESTA5A,RESPUESTA5B,RESPUESTA5C,RESPUESTA5D,RESPUESTA6A,RESPUESTA6B,RESPUESTA6C,RESPUESTA6D,RESPUESTA7A,RESPUESTA7B,RESPUESTA7C,RESPUESTA7D) values ('6','123456789','2','1','1','0','0','0','1','1','0','0','0','1','1','1','0','0','1','1','0','1','0','1','1','0','0','0','0','1','1');
Insert into EVALUACIONES (EVALUACIONID,RUTALUMNO,TESTALUMNO,RESPUESTA1A,RESPUESTA1B,RESPUESTA1C,RESPUESTA1D,RESPUESTA2A,RESPUESTA2B,RESPUESTA2C,RESPUESTA2D,RESPUESTA3A,RESPUESTA3B,RESPUESTA3C,RESPUESTA3D,RESPUESTA4A,RESPUESTA4B,RESPUESTA4C,RESPUESTA4D,RESPUESTA5A,RESPUESTA5B,RESPUESTA5C,RESPUESTA5D,RESPUESTA6A,RESPUESTA6B,RESPUESTA6C,RESPUESTA6D,RESPUESTA7A,RESPUESTA7B,RESPUESTA7C,RESPUESTA7D) values ('7','345678912','2','1','1','0','0','0','1','0','1','0','1','0','0','0','0','0','0','1','1','0','0','0','0','0','0','0','0','0','0');
Insert into EVALUACIONES (EVALUACIONID,RUTALUMNO,TESTALUMNO,RESPUESTA1A,RESPUESTA1B,RESPUESTA1C,RESPUESTA1D,RESPUESTA2A,RESPUESTA2B,RESPUESTA2C,RESPUESTA2D,RESPUESTA3A,RESPUESTA3B,RESPUESTA3C,RESPUESTA3D,RESPUESTA4A,RESPUESTA4B,RESPUESTA4C,RESPUESTA4D,RESPUESTA5A,RESPUESTA5B,RESPUESTA5C,RESPUESTA5D,RESPUESTA6A,RESPUESTA6B,RESPUESTA6C,RESPUESTA6D,RESPUESTA7A,RESPUESTA7B,RESPUESTA7C,RESPUESTA7D) values ('8','456789123','2','0','1','0','0','0','1','1','0','1','0','0','0','1','1','0','0','1','0','1','0','1','0','0','0','0','1','1','0');
Insert into EVALUACIONES (EVALUACIONID,RUTALUMNO,TESTALUMNO,RESPUESTA1A,RESPUESTA1B,RESPUESTA1C,RESPUESTA1D,RESPUESTA2A,RESPUESTA2B,RESPUESTA2C,RESPUESTA2D,RESPUESTA3A,RESPUESTA3B,RESPUESTA3C,RESPUESTA3D,RESPUESTA4A,RESPUESTA4B,RESPUESTA4C,RESPUESTA4D,RESPUESTA5A,RESPUESTA5B,RESPUESTA5C,RESPUESTA5D,RESPUESTA6A,RESPUESTA6B,RESPUESTA6C,RESPUESTA6D,RESPUESTA7A,RESPUESTA7B,RESPUESTA7C,RESPUESTA7D) values ('9','789123456','2','0','0','0','0','0','0','0','0','0','0','1','1','1','0','1','1','0','0','1','0','1','1','0','0','0','0','1','1');
Insert into EVALUACIONES (EVALUACIONID,RUTALUMNO,TESTALUMNO,RESPUESTA1A,RESPUESTA1B,RESPUESTA1C,RESPUESTA1D,RESPUESTA2A,RESPUESTA2B,RESPUESTA2C,RESPUESTA2D,RESPUESTA3A,RESPUESTA3B,RESPUESTA3C,RESPUESTA3D,RESPUESTA4A,RESPUESTA4B,RESPUESTA4C,RESPUESTA4D,RESPUESTA5A,RESPUESTA5B,RESPUESTA5C,RESPUESTA5D,RESPUESTA6A,RESPUESTA6B,RESPUESTA6C,RESPUESTA6D,RESPUESTA7A,RESPUESTA7B,RESPUESTA7C,RESPUESTA7D) values ('10','912345678','2','1','1','0','0','0','1','1','0','0','0','1','1','1','0','0','1','1','0','1','0','1','1','0','0','0','0','1','1');
Insert into EVALUACIONES (EVALUACIONID,RUTALUMNO,TESTALUMNO,RESPUESTA1A,RESPUESTA1B,RESPUESTA1C,RESPUESTA1D,RESPUESTA2A,RESPUESTA2B,RESPUESTA2C,RESPUESTA2D,RESPUESTA3A,RESPUESTA3B,RESPUESTA3C,RESPUESTA3D,RESPUESTA4A,RESPUESTA4B,RESPUESTA4C,RESPUESTA4D,RESPUESTA5A,RESPUESTA5B,RESPUESTA5C,RESPUESTA5D,RESPUESTA6A,RESPUESTA6B,RESPUESTA6C,RESPUESTA6D,RESPUESTA7A,RESPUESTA7B,RESPUESTA7C,RESPUESTA7D) values ('11','123456789','3','1','1','0','0','0','1','1','0','0','0','1','1','1','0','0','1','1','0','1','0','1','1','0','0','0','0','1','1');
Insert into EVALUACIONES (EVALUACIONID,RUTALUMNO,TESTALUMNO,RESPUESTA1A,RESPUESTA1B,RESPUESTA1C,RESPUESTA1D,RESPUESTA2A,RESPUESTA2B,RESPUESTA2C,RESPUESTA2D,RESPUESTA3A,RESPUESTA3B,RESPUESTA3C,RESPUESTA3D,RESPUESTA4A,RESPUESTA4B,RESPUESTA4C,RESPUESTA4D,RESPUESTA5A,RESPUESTA5B,RESPUESTA5C,RESPUESTA5D,RESPUESTA6A,RESPUESTA6B,RESPUESTA6C,RESPUESTA6D,RESPUESTA7A,RESPUESTA7B,RESPUESTA7C,RESPUESTA7D) values ('12','345678912','3','1','1','0','0','0','1','1','0','0','0','1','1','1','0','0','1','1','0','1','0','1','1','0','0','0','0','1','1');
Insert into EVALUACIONES (EVALUACIONID,RUTALUMNO,TESTALUMNO,RESPUESTA1A,RESPUESTA1B,RESPUESTA1C,RESPUESTA1D,RESPUESTA2A,RESPUESTA2B,RESPUESTA2C,RESPUESTA2D,RESPUESTA3A,RESPUESTA3B,RESPUESTA3C,RESPUESTA3D,RESPUESTA4A,RESPUESTA4B,RESPUESTA4C,RESPUESTA4D,RESPUESTA5A,RESPUESTA5B,RESPUESTA5C,RESPUESTA5D,RESPUESTA6A,RESPUESTA6B,RESPUESTA6C,RESPUESTA6D,RESPUESTA7A,RESPUESTA7B,RESPUESTA7C,RESPUESTA7D) values ('13','456789123','3','0','1','0','0','0','1','1','0','1','0','0','0','1','1','0','0','1','0','1','0','1','0','0','0','0','1','1','0');
Insert into EVALUACIONES (EVALUACIONID,RUTALUMNO,TESTALUMNO,RESPUESTA1A,RESPUESTA1B,RESPUESTA1C,RESPUESTA1D,RESPUESTA2A,RESPUESTA2B,RESPUESTA2C,RESPUESTA2D,RESPUESTA3A,RESPUESTA3B,RESPUESTA3C,RESPUESTA3D,RESPUESTA4A,RESPUESTA4B,RESPUESTA4C,RESPUESTA4D,RESPUESTA5A,RESPUESTA5B,RESPUESTA5C,RESPUESTA5D,RESPUESTA6A,RESPUESTA6B,RESPUESTA6C,RESPUESTA6D,RESPUESTA7A,RESPUESTA7B,RESPUESTA7C,RESPUESTA7D) values ('14','789123456','3','1','1','0','0','0','1','0','1','0','1','0','0','0','0','0','0','1','1','0','0','0','0','0','0','0','0','0','0');
Insert into EVALUACIONES (EVALUACIONID,RUTALUMNO,TESTALUMNO,RESPUESTA1A,RESPUESTA1B,RESPUESTA1C,RESPUESTA1D,RESPUESTA2A,RESPUESTA2B,RESPUESTA2C,RESPUESTA2D,RESPUESTA3A,RESPUESTA3B,RESPUESTA3C,RESPUESTA3D,RESPUESTA4A,RESPUESTA4B,RESPUESTA4C,RESPUESTA4D,RESPUESTA5A,RESPUESTA5B,RESPUESTA5C,RESPUESTA5D,RESPUESTA6A,RESPUESTA6B,RESPUESTA6C,RESPUESTA6D,RESPUESTA7A,RESPUESTA7B,RESPUESTA7C,RESPUESTA7D) values ('15','912345678','3','1','1','0','0','0','1','1','0','0','0','1','1','1','0','0','1','1','0','1','0','1','1','0','0','0','0','1','1');
Insert into EVALUACIONES (EVALUACIONID,RUTALUMNO,TESTALUMNO,RESPUESTA1A,RESPUESTA1B,RESPUESTA1C,RESPUESTA1D,RESPUESTA2A,RESPUESTA2B,RESPUESTA2C,RESPUESTA2D,RESPUESTA3A,RESPUESTA3B,RESPUESTA3C,RESPUESTA3D,RESPUESTA4A,RESPUESTA4B,RESPUESTA4C,RESPUESTA4D,RESPUESTA5A,RESPUESTA5B,RESPUESTA5C,RESPUESTA5D,RESPUESTA6A,RESPUESTA6B,RESPUESTA6C,RESPUESTA6D,RESPUESTA7A,RESPUESTA7B,RESPUESTA7C,RESPUESTA7D) values ('16','123456789','4','1','1','0','0','0','1','1','0','0','0','1','1','1','0','0','1','1','0','1','0','1','1','0','0','0','0','1','1');
Insert into EVALUACIONES (EVALUACIONID,RUTALUMNO,TESTALUMNO,RESPUESTA1A,RESPUESTA1B,RESPUESTA1C,RESPUESTA1D,RESPUESTA2A,RESPUESTA2B,RESPUESTA2C,RESPUESTA2D,RESPUESTA3A,RESPUESTA3B,RESPUESTA3C,RESPUESTA3D,RESPUESTA4A,RESPUESTA4B,RESPUESTA4C,RESPUESTA4D,RESPUESTA5A,RESPUESTA5B,RESPUESTA5C,RESPUESTA5D,RESPUESTA6A,RESPUESTA6B,RESPUESTA6C,RESPUESTA6D,RESPUESTA7A,RESPUESTA7B,RESPUESTA7C,RESPUESTA7D) values ('17','345678912','4','0','0','0','0','0','0','0','0','0','0','1','1','1','0','1','1','0','0','1','0','1','1','0','0','0','0','1','1');
Insert into EVALUACIONES (EVALUACIONID,RUTALUMNO,TESTALUMNO,RESPUESTA1A,RESPUESTA1B,RESPUESTA1C,RESPUESTA1D,RESPUESTA2A,RESPUESTA2B,RESPUESTA2C,RESPUESTA2D,RESPUESTA3A,RESPUESTA3B,RESPUESTA3C,RESPUESTA3D,RESPUESTA4A,RESPUESTA4B,RESPUESTA4C,RESPUESTA4D,RESPUESTA5A,RESPUESTA5B,RESPUESTA5C,RESPUESTA5D,RESPUESTA6A,RESPUESTA6B,RESPUESTA6C,RESPUESTA6D,RESPUESTA7A,RESPUESTA7B,RESPUESTA7C,RESPUESTA7D) values ('18','456789123','4','0','0','0','0','0','0','0','0','0','0','1','1','1','0','1','1','0','0','1','0','1','1','0','0','0','0','1','1');
Insert into EVALUACIONES (EVALUACIONID,RUTALUMNO,TESTALUMNO,RESPUESTA1A,RESPUESTA1B,RESPUESTA1C,RESPUESTA1D,RESPUESTA2A,RESPUESTA2B,RESPUESTA2C,RESPUESTA2D,RESPUESTA3A,RESPUESTA3B,RESPUESTA3C,RESPUESTA3D,RESPUESTA4A,RESPUESTA4B,RESPUESTA4C,RESPUESTA4D,RESPUESTA5A,RESPUESTA5B,RESPUESTA5C,RESPUESTA5D,RESPUESTA6A,RESPUESTA6B,RESPUESTA6C,RESPUESTA6D,RESPUESTA7A,RESPUESTA7B,RESPUESTA7C,RESPUESTA7D) values ('19','789123456','4','0','1','0','0','0','1','1','0','1','0','0','0','1','1','0','0','1','0','1','0','1','0','0','0','0','1','1','0');
Insert into EVALUACIONES (EVALUACIONID,RUTALUMNO,TESTALUMNO,RESPUESTA1A,RESPUESTA1B,RESPUESTA1C,RESPUESTA1D,RESPUESTA2A,RESPUESTA2B,RESPUESTA2C,RESPUESTA2D,RESPUESTA3A,RESPUESTA3B,RESPUESTA3C,RESPUESTA3D,RESPUESTA4A,RESPUESTA4B,RESPUESTA4C,RESPUESTA4D,RESPUESTA5A,RESPUESTA5B,RESPUESTA5C,RESPUESTA5D,RESPUESTA6A,RESPUESTA6B,RESPUESTA6C,RESPUESTA6D,RESPUESTA7A,RESPUESTA7B,RESPUESTA7C,RESPUESTA7D) values ('20','912345678','4','1','1','0','0','0','1','1','0','0','0','1','1','1','0','0','1','1','0','1','0','1','1','0','0','0','0','1','1');
Insert into EVALUACIONES (EVALUACIONID,RUTALUMNO,TESTALUMNO,RESPUESTA1A,RESPUESTA1B,RESPUESTA1C,RESPUESTA1D,RESPUESTA2A,RESPUESTA2B,RESPUESTA2C,RESPUESTA2D,RESPUESTA3A,RESPUESTA3B,RESPUESTA3C,RESPUESTA3D,RESPUESTA4A,RESPUESTA4B,RESPUESTA4C,RESPUESTA4D,RESPUESTA5A,RESPUESTA5B,RESPUESTA5C,RESPUESTA5D,RESPUESTA6A,RESPUESTA6B,RESPUESTA6C,RESPUESTA6D,RESPUESTA7A,RESPUESTA7B,RESPUESTA7C,RESPUESTA7D) values ('21','234567891','5','1','1','0','0','0','1','1','0','0','0','1','1','1','0','0','1','1','0','1','0','1','1','0','0','0','0','1','1');
Insert into EVALUACIONES (EVALUACIONID,RUTALUMNO,TESTALUMNO,RESPUESTA1A,RESPUESTA1B,RESPUESTA1C,RESPUESTA1D,RESPUESTA2A,RESPUESTA2B,RESPUESTA2C,RESPUESTA2D,RESPUESTA3A,RESPUESTA3B,RESPUESTA3C,RESPUESTA3D,RESPUESTA4A,RESPUESTA4B,RESPUESTA4C,RESPUESTA4D,RESPUESTA5A,RESPUESTA5B,RESPUESTA5C,RESPUESTA5D,RESPUESTA6A,RESPUESTA6B,RESPUESTA6C,RESPUESTA6D,RESPUESTA7A,RESPUESTA7B,RESPUESTA7C,RESPUESTA7D) values ('22','567891234','5','1','1','0','0','0','1','0','1','0','1','0','0','0','0','0','0','1','1','0','0','0','0','0','0','0','0','0','0');
Insert into EVALUACIONES (EVALUACIONID,RUTALUMNO,TESTALUMNO,RESPUESTA1A,RESPUESTA1B,RESPUESTA1C,RESPUESTA1D,RESPUESTA2A,RESPUESTA2B,RESPUESTA2C,RESPUESTA2D,RESPUESTA3A,RESPUESTA3B,RESPUESTA3C,RESPUESTA3D,RESPUESTA4A,RESPUESTA4B,RESPUESTA4C,RESPUESTA4D,RESPUESTA5A,RESPUESTA5B,RESPUESTA5C,RESPUESTA5D,RESPUESTA6A,RESPUESTA6B,RESPUESTA6C,RESPUESTA6D,RESPUESTA7A,RESPUESTA7B,RESPUESTA7C,RESPUESTA7D) values ('23','678912345','5','0','0','0','0','0','0','0','0','0','0','1','1','1','0','1','1','0','0','1','0','1','1','0','0','0','0','1','1');
Insert into EVALUACIONES (EVALUACIONID,RUTALUMNO,TESTALUMNO,RESPUESTA1A,RESPUESTA1B,RESPUESTA1C,RESPUESTA1D,RESPUESTA2A,RESPUESTA2B,RESPUESTA2C,RESPUESTA2D,RESPUESTA3A,RESPUESTA3B,RESPUESTA3C,RESPUESTA3D,RESPUESTA4A,RESPUESTA4B,RESPUESTA4C,RESPUESTA4D,RESPUESTA5A,RESPUESTA5B,RESPUESTA5C,RESPUESTA5D,RESPUESTA6A,RESPUESTA6B,RESPUESTA6C,RESPUESTA6D,RESPUESTA7A,RESPUESTA7B,RESPUESTA7C,RESPUESTA7D) values ('24','891234567','5','0','0','0','0','0','0','0','0','0','0','1','1','1','0','1','1','0','0','1','0','1','1','0','0','0','0','1','1');
Insert into EVALUACIONES (EVALUACIONID,RUTALUMNO,TESTALUMNO,RESPUESTA1A,RESPUESTA1B,RESPUESTA1C,RESPUESTA1D,RESPUESTA2A,RESPUESTA2B,RESPUESTA2C,RESPUESTA2D,RESPUESTA3A,RESPUESTA3B,RESPUESTA3C,RESPUESTA3D,RESPUESTA4A,RESPUESTA4B,RESPUESTA4C,RESPUESTA4D,RESPUESTA5A,RESPUESTA5B,RESPUESTA5C,RESPUESTA5D,RESPUESTA6A,RESPUESTA6B,RESPUESTA6C,RESPUESTA6D,RESPUESTA7A,RESPUESTA7B,RESPUESTA7C,RESPUESTA7D) values ('25','987654321','5','1','1','0','0','0','1','1','0','0','0','1','1','1','0','0','1','1','0','1','0','1','1','0','0','0','0','1','1');
Insert into EVALUACIONES (EVALUACIONID,RUTALUMNO,TESTALUMNO,RESPUESTA1A,RESPUESTA1B,RESPUESTA1C,RESPUESTA1D,RESPUESTA2A,RESPUESTA2B,RESPUESTA2C,RESPUESTA2D,RESPUESTA3A,RESPUESTA3B,RESPUESTA3C,RESPUESTA3D,RESPUESTA4A,RESPUESTA4B,RESPUESTA4C,RESPUESTA4D,RESPUESTA5A,RESPUESTA5B,RESPUESTA5C,RESPUESTA5D,RESPUESTA6A,RESPUESTA6B,RESPUESTA6C,RESPUESTA6D,RESPUESTA7A,RESPUESTA7B,RESPUESTA7C,RESPUESTA7D) values ('26','234567891','6','1','1','0','0','0','1','1','0','0','0','1','1','1','0','0','1','1','0','1','0','1','1','0','0','0','0','1','1');
Insert into EVALUACIONES (EVALUACIONID,RUTALUMNO,TESTALUMNO,RESPUESTA1A,RESPUESTA1B,RESPUESTA1C,RESPUESTA1D,RESPUESTA2A,RESPUESTA2B,RESPUESTA2C,RESPUESTA2D,RESPUESTA3A,RESPUESTA3B,RESPUESTA3C,RESPUESTA3D,RESPUESTA4A,RESPUESTA4B,RESPUESTA4C,RESPUESTA4D,RESPUESTA5A,RESPUESTA5B,RESPUESTA5C,RESPUESTA5D,RESPUESTA6A,RESPUESTA6B,RESPUESTA6C,RESPUESTA6D,RESPUESTA7A,RESPUESTA7B,RESPUESTA7C,RESPUESTA7D) values ('27','567891234','6','0','1','0','0','0','1','1','0','1','0','0','0','1','1','0','0','1','0','1','0','1','0','0','0','0','1','1','0');
Insert into EVALUACIONES (EVALUACIONID,RUTALUMNO,TESTALUMNO,RESPUESTA1A,RESPUESTA1B,RESPUESTA1C,RESPUESTA1D,RESPUESTA2A,RESPUESTA2B,RESPUESTA2C,RESPUESTA2D,RESPUESTA3A,RESPUESTA3B,RESPUESTA3C,RESPUESTA3D,RESPUESTA4A,RESPUESTA4B,RESPUESTA4C,RESPUESTA4D,RESPUESTA5A,RESPUESTA5B,RESPUESTA5C,RESPUESTA5D,RESPUESTA6A,RESPUESTA6B,RESPUESTA6C,RESPUESTA6D,RESPUESTA7A,RESPUESTA7B,RESPUESTA7C,RESPUESTA7D) values ('28','678912345','6','0','0','0','0','0','0','0','0','0','0','1','1','1','0','1','1','0','0','1','0','1','1','0','0','0','0','1','1');
Insert into EVALUACIONES (EVALUACIONID,RUTALUMNO,TESTALUMNO,RESPUESTA1A,RESPUESTA1B,RESPUESTA1C,RESPUESTA1D,RESPUESTA2A,RESPUESTA2B,RESPUESTA2C,RESPUESTA2D,RESPUESTA3A,RESPUESTA3B,RESPUESTA3C,RESPUESTA3D,RESPUESTA4A,RESPUESTA4B,RESPUESTA4C,RESPUESTA4D,RESPUESTA5A,RESPUESTA5B,RESPUESTA5C,RESPUESTA5D,RESPUESTA6A,RESPUESTA6B,RESPUESTA6C,RESPUESTA6D,RESPUESTA7A,RESPUESTA7B,RESPUESTA7C,RESPUESTA7D) values ('29','891234567','6','0','0','0','0','0','0','0','0','0','0','1','1','1','0','1','1','0','0','1','0','1','1','0','0','0','0','1','1');
Insert into EVALUACIONES (EVALUACIONID,RUTALUMNO,TESTALUMNO,RESPUESTA1A,RESPUESTA1B,RESPUESTA1C,RESPUESTA1D,RESPUESTA2A,RESPUESTA2B,RESPUESTA2C,RESPUESTA2D,RESPUESTA3A,RESPUESTA3B,RESPUESTA3C,RESPUESTA3D,RESPUESTA4A,RESPUESTA4B,RESPUESTA4C,RESPUESTA4D,RESPUESTA5A,RESPUESTA5B,RESPUESTA5C,RESPUESTA5D,RESPUESTA6A,RESPUESTA6B,RESPUESTA6C,RESPUESTA6D,RESPUESTA7A,RESPUESTA7B,RESPUESTA7C,RESPUESTA7D) values ('30','987654321','6','1','1','0','0','0','1','1','0','0','0','1','1','1','0','0','1','1','0','1','0','1','1','0','0','0','0','1','1');
Insert into EVALUACIONES (EVALUACIONID,RUTALUMNO,TESTALUMNO,RESPUESTA1A,RESPUESTA1B,RESPUESTA1C,RESPUESTA1D,RESPUESTA2A,RESPUESTA2B,RESPUESTA2C,RESPUESTA2D,RESPUESTA3A,RESPUESTA3B,RESPUESTA3C,RESPUESTA3D,RESPUESTA4A,RESPUESTA4B,RESPUESTA4C,RESPUESTA4D,RESPUESTA5A,RESPUESTA5B,RESPUESTA5C,RESPUESTA5D,RESPUESTA6A,RESPUESTA6B,RESPUESTA6C,RESPUESTA6D,RESPUESTA7A,RESPUESTA7B,RESPUESTA7C,RESPUESTA7D) values ('31','234567891','7','1','1','0','0','0','1','1','0','0','0','1','1','1','0','0','1','1','0','1','0','1','1','0','0','0','0','1','1');
Insert into EVALUACIONES (EVALUACIONID,RUTALUMNO,TESTALUMNO,RESPUESTA1A,RESPUESTA1B,RESPUESTA1C,RESPUESTA1D,RESPUESTA2A,RESPUESTA2B,RESPUESTA2C,RESPUESTA2D,RESPUESTA3A,RESPUESTA3B,RESPUESTA3C,RESPUESTA3D,RESPUESTA4A,RESPUESTA4B,RESPUESTA4C,RESPUESTA4D,RESPUESTA5A,RESPUESTA5B,RESPUESTA5C,RESPUESTA5D,RESPUESTA6A,RESPUESTA6B,RESPUESTA6C,RESPUESTA6D,RESPUESTA7A,RESPUESTA7B,RESPUESTA7C,RESPUESTA7D) values ('32','567891234','7','0','0','0','0','0','0','0','0','0','0','1','1','1','0','1','1','0','0','1','0','1','1','0','0','0','0','1','1');
Insert into EVALUACIONES (EVALUACIONID,RUTALUMNO,TESTALUMNO,RESPUESTA1A,RESPUESTA1B,RESPUESTA1C,RESPUESTA1D,RESPUESTA2A,RESPUESTA2B,RESPUESTA2C,RESPUESTA2D,RESPUESTA3A,RESPUESTA3B,RESPUESTA3C,RESPUESTA3D,RESPUESTA4A,RESPUESTA4B,RESPUESTA4C,RESPUESTA4D,RESPUESTA5A,RESPUESTA5B,RESPUESTA5C,RESPUESTA5D,RESPUESTA6A,RESPUESTA6B,RESPUESTA6C,RESPUESTA6D,RESPUESTA7A,RESPUESTA7B,RESPUESTA7C,RESPUESTA7D) values ('33','678912345','7','1','1','0','0','0','1','0','1','0','1','0','0','0','0','0','0','1','1','0','0','0','0','0','0','0','0','0','0');
Insert into EVALUACIONES (EVALUACIONID,RUTALUMNO,TESTALUMNO,RESPUESTA1A,RESPUESTA1B,RESPUESTA1C,RESPUESTA1D,RESPUESTA2A,RESPUESTA2B,RESPUESTA2C,RESPUESTA2D,RESPUESTA3A,RESPUESTA3B,RESPUESTA3C,RESPUESTA3D,RESPUESTA4A,RESPUESTA4B,RESPUESTA4C,RESPUESTA4D,RESPUESTA5A,RESPUESTA5B,RESPUESTA5C,RESPUESTA5D,RESPUESTA6A,RESPUESTA6B,RESPUESTA6C,RESPUESTA6D,RESPUESTA7A,RESPUESTA7B,RESPUESTA7C,RESPUESTA7D) values ('34','891234567','7','0','1','0','0','0','1','1','0','1','0','0','0','1','1','0','0','1','0','1','0','1','0','0','0','0','1','1','0');
Insert into EVALUACIONES (EVALUACIONID,RUTALUMNO,TESTALUMNO,RESPUESTA1A,RESPUESTA1B,RESPUESTA1C,RESPUESTA1D,RESPUESTA2A,RESPUESTA2B,RESPUESTA2C,RESPUESTA2D,RESPUESTA3A,RESPUESTA3B,RESPUESTA3C,RESPUESTA3D,RESPUESTA4A,RESPUESTA4B,RESPUESTA4C,RESPUESTA4D,RESPUESTA5A,RESPUESTA5B,RESPUESTA5C,RESPUESTA5D,RESPUESTA6A,RESPUESTA6B,RESPUESTA6C,RESPUESTA6D,RESPUESTA7A,RESPUESTA7B,RESPUESTA7C,RESPUESTA7D) values ('35','987654321','7','1','1','0','0','0','1','1','0','0','0','1','1','1','0','0','1','1','0','1','0','1','1','0','0','0','0','1','1');
Insert into EVALUACIONES (EVALUACIONID,RUTALUMNO,TESTALUMNO,RESPUESTA1A,RESPUESTA1B,RESPUESTA1C,RESPUESTA1D,RESPUESTA2A,RESPUESTA2B,RESPUESTA2C,RESPUESTA2D,RESPUESTA3A,RESPUESTA3B,RESPUESTA3C,RESPUESTA3D,RESPUESTA4A,RESPUESTA4B,RESPUESTA4C,RESPUESTA4D,RESPUESTA5A,RESPUESTA5B,RESPUESTA5C,RESPUESTA5D,RESPUESTA6A,RESPUESTA6B,RESPUESTA6C,RESPUESTA6D,RESPUESTA7A,RESPUESTA7B,RESPUESTA7C,RESPUESTA7D) values ('36','234567891','8','1','1','0','0','0','1','1','0','0','0','1','1','1','0','0','1','1','0','1','0','1','1','0','0','0','0','1','1');
Insert into EVALUACIONES (EVALUACIONID,RUTALUMNO,TESTALUMNO,RESPUESTA1A,RESPUESTA1B,RESPUESTA1C,RESPUESTA1D,RESPUESTA2A,RESPUESTA2B,RESPUESTA2C,RESPUESTA2D,RESPUESTA3A,RESPUESTA3B,RESPUESTA3C,RESPUESTA3D,RESPUESTA4A,RESPUESTA4B,RESPUESTA4C,RESPUESTA4D,RESPUESTA5A,RESPUESTA5B,RESPUESTA5C,RESPUESTA5D,RESPUESTA6A,RESPUESTA6B,RESPUESTA6C,RESPUESTA6D,RESPUESTA7A,RESPUESTA7B,RESPUESTA7C,RESPUESTA7D) values ('37','567891234','8','1','1','0','0','0','1','0','1','0','1','0','0','0','0','0','0','1','1','0','0','0','0','0','0','0','0','0','0');
Insert into EVALUACIONES (EVALUACIONID,RUTALUMNO,TESTALUMNO,RESPUESTA1A,RESPUESTA1B,RESPUESTA1C,RESPUESTA1D,RESPUESTA2A,RESPUESTA2B,RESPUESTA2C,RESPUESTA2D,RESPUESTA3A,RESPUESTA3B,RESPUESTA3C,RESPUESTA3D,RESPUESTA4A,RESPUESTA4B,RESPUESTA4C,RESPUESTA4D,RESPUESTA5A,RESPUESTA5B,RESPUESTA5C,RESPUESTA5D,RESPUESTA6A,RESPUESTA6B,RESPUESTA6C,RESPUESTA6D,RESPUESTA7A,RESPUESTA7B,RESPUESTA7C,RESPUESTA7D) values ('38','678912345','8','1','1','0','0','0','1','0','1','0','1','0','0','0','0','0','0','1','1','0','0','0','0','0','0','0','0','0','0');
Insert into EVALUACIONES (EVALUACIONID,RUTALUMNO,TESTALUMNO,RESPUESTA1A,RESPUESTA1B,RESPUESTA1C,RESPUESTA1D,RESPUESTA2A,RESPUESTA2B,RESPUESTA2C,RESPUESTA2D,RESPUESTA3A,RESPUESTA3B,RESPUESTA3C,RESPUESTA3D,RESPUESTA4A,RESPUESTA4B,RESPUESTA4C,RESPUESTA4D,RESPUESTA5A,RESPUESTA5B,RESPUESTA5C,RESPUESTA5D,RESPUESTA6A,RESPUESTA6B,RESPUESTA6C,RESPUESTA6D,RESPUESTA7A,RESPUESTA7B,RESPUESTA7C,RESPUESTA7D) values ('39','891234567','8','0','0','0','0','0','0','0','0','0','0','1','1','1','0','1','1','0','0','1','0','1','1','0','0','0','0','1','1');
Insert into EVALUACIONES (EVALUACIONID,RUTALUMNO,TESTALUMNO,RESPUESTA1A,RESPUESTA1B,RESPUESTA1C,RESPUESTA1D,RESPUESTA2A,RESPUESTA2B,RESPUESTA2C,RESPUESTA2D,RESPUESTA3A,RESPUESTA3B,RESPUESTA3C,RESPUESTA3D,RESPUESTA4A,RESPUESTA4B,RESPUESTA4C,RESPUESTA4D,RESPUESTA5A,RESPUESTA5B,RESPUESTA5C,RESPUESTA5D,RESPUESTA6A,RESPUESTA6B,RESPUESTA6C,RESPUESTA6D,RESPUESTA7A,RESPUESTA7B,RESPUESTA7C,RESPUESTA7D) values ('40','987654321','8','0','1','0','0','0','1','1','0','1','0','0','0','1','1','0','0','1','0','1','0','1','0','0','0','0','1','1','0');



-- CONSULTAS

-- Pregunta 1: Conocer el número de evaluaciones por curso.

SELECT NOMBRECURSO, COUNT(EVALUACIONES.TESTALUMNO) EVALUACIONES

FROM ALUMNOS
JOIN CURSOS ON alumnos.cursos_cursoid = cursos.cursoid
JOIN EVALUACIONES ON EVALUACIONES.RUTALUMNO = ALUMNOS.RUTALUMNO

GROUP BY nombrecurso
ORDER BY nombrecurso
;

-- Pregunta 2: Conocer los cursos sin evaluaciones.

SELECT NOMBRECURSO, TESTALUMNO SIN_EVALUACIONES

FROM ALUMNOS
JOIN CURSOS ON alumnos.cursos_cursoid = cursos.cursoid
JOIN EVALUACIONES ON EVALUACIONES.RUTALUMNO = ALUMNOS.RUTALUMNO

WHERE EVALUACIONES.TESTALUMNO = NULL
;


--Pregunta 3: Determinar las evaluaciones con deficiencia. Una evaluación es deficiente:
--a. Si no tiene preguntas.
--b. Si hay preguntas con 2 ó menos alternativas
--c. Si todas las alternativas son correctas o si todas las alternativas son incorrectas.


--Pregunta 4: Determinar cuántos alumnos hay en cada curso.

SELECT NOMBRECURSO, COUNT(CURSOS.CURSOID) AS ALUMNOS

FROM CURSOS 
JOIN ALUMNOS ON ALUMNOS.CURSOS_CURSOID = CURSOS.CURSOID 

GROUP BY NOMBRECURSO
ORDER BY NOMBRECURSO
;


--Pregunta 5: Obtener el puntaje no normalizado de cada evaluación. El puntaje no
--normalizado ha sido definido (requerimiento) como: P = buenas – malas/4. Si un alumno
--no contesta en una pregunta exactamente lo mismo que se ha definido como correcto,
--la pregunta cuenta como mala a menos que el alumno haya omitido.


--Pregunta 6: Obtener el puntaje normalizado, o sea, de 1,0 a 7,0.

SELECT RUTALUMNO,TESTALUMNO, PROGRAMA, 
(((RESPUESTA1A * PUNTAJE100)+(RESPUESTA1B * PUNTAJE50)) +
((RESPUESTA2B * PUNTAJE100)+(RESPUESTA2C * PUNTAJE50)) +
((RESPUESTA3C * PUNTAJE100)+(RESPUESTA3D * PUNTAJE50)) +
((RESPUESTA4D * PUNTAJE100)+(RESPUESTA4A * PUNTAJE50)) +
((RESPUESTA5A * PUNTAJE100)+(RESPUESTA5C * PUNTAJE50)) +
((RESPUESTA6B * PUNTAJE100)+(RESPUESTA6A * PUNTAJE50)) +
((RESPUESTA7C * PUNTAJE100)+(RESPUESTA7D * PUNTAJE50))) NOTA

FROM EVALUACIONES

JOIN TEST ON TESTID = TESTALUMNO
JOIN PREGUNTAS ON TEST_TESTID = TESTID


GROUP BY RUTALUMNO, TESTALUMNO, PROGRAMA, 
(((RESPUESTA1A * PUNTAJE100)+(RESPUESTA1B * PUNTAJE50)) +
((RESPUESTA2B * PUNTAJE100)+(RESPUESTA2C * PUNTAJE50)) +
((RESPUESTA3C * PUNTAJE100)+(RESPUESTA3D * PUNTAJE50)) +
((RESPUESTA4D * PUNTAJE100)+(RESPUESTA4A * PUNTAJE50)) +
((RESPUESTA5A * PUNTAJE100)+(RESPUESTA5C * PUNTAJE50)) +
((RESPUESTA6B * PUNTAJE100)+(RESPUESTA6A * PUNTAJE50)) +
((RESPUESTA7C * PUNTAJE100)+(RESPUESTA7D * PUNTAJE50)))

ORDER BY TESTALUMNO
;

--Pregunta 7: Nombre de estudiantes de un curso determinado que aprueban una
--evaluación determinada (donde la nota de aprobación mínima es un 4,0).

SELECT RUTALUMNO,TESTALUMNO, PROGRAMA, 
(((RESPUESTA1A * PUNTAJE100)+(RESPUESTA1B * PUNTAJE50)) +
((RESPUESTA2B * PUNTAJE100)+(RESPUESTA2C * PUNTAJE50)) +
((RESPUESTA3C * PUNTAJE100)+(RESPUESTA3D * PUNTAJE50)) +
((RESPUESTA4D * PUNTAJE100)+(RESPUESTA4A * PUNTAJE50)) +
((RESPUESTA5A * PUNTAJE100)+(RESPUESTA5C * PUNTAJE50)) +
((RESPUESTA6B * PUNTAJE100)+(RESPUESTA6A * PUNTAJE50)) +
((RESPUESTA7C * PUNTAJE100)+(RESPUESTA7D * PUNTAJE50)))  NOTA

FROM EVALUACIONES

JOIN TEST ON TESTID = TESTALUMNO
JOIN PREGUNTAS ON TEST_TESTID = TESTID

GROUP BY RUTALUMNO, TESTALUMNO, PROGRAMA, 
(((RESPUESTA1A * PUNTAJE100)+(RESPUESTA1B * PUNTAJE50)) +
((RESPUESTA2B * PUNTAJE100)+(RESPUESTA2C * PUNTAJE50)) +
((RESPUESTA3C * PUNTAJE100)+(RESPUESTA3D * PUNTAJE50)) +
((RESPUESTA4D * PUNTAJE100)+(RESPUESTA4A * PUNTAJE50)) +
((RESPUESTA5A * PUNTAJE100)+(RESPUESTA5C * PUNTAJE50)) +
((RESPUESTA6B * PUNTAJE100)+(RESPUESTA6A * PUNTAJE50)) +
((RESPUESTA7C * PUNTAJE100)+(RESPUESTA7D * PUNTAJE50)))

HAVING (((RESPUESTA1A * PUNTAJE100)+(RESPUESTA1B * PUNTAJE50)) +
((RESPUESTA2B * PUNTAJE100)+(RESPUESTA2C * PUNTAJE50)) +
((RESPUESTA3C * PUNTAJE100)+(RESPUESTA3D * PUNTAJE50)) +
((RESPUESTA4D * PUNTAJE100)+(RESPUESTA4A * PUNTAJE50)) +
((RESPUESTA5A * PUNTAJE100)+(RESPUESTA5C * PUNTAJE50)) +
((RESPUESTA6B * PUNTAJE100)+(RESPUESTA6A * PUNTAJE50)) +
((RESPUESTA7C * PUNTAJE100)+(RESPUESTA7D * PUNTAJE50))) > 4


ORDER BY TESTALUMNO
;

--Pregunta 8: Nota promedio de los estudiantes de un curso determinado, para una
--evaluación de terminada.

SELECT PROGRAMA, TESTALUMNO, AVG
((((RESPUESTA1A * PUNTAJE100)+(RESPUESTA1B * PUNTAJE50)) +
((RESPUESTA2B * PUNTAJE100)+(RESPUESTA2C * PUNTAJE50)) +
((RESPUESTA3C * PUNTAJE100)+(RESPUESTA3D * PUNTAJE50)) +
((RESPUESTA4D * PUNTAJE100)+(RESPUESTA4A * PUNTAJE50)) +
((RESPUESTA5A * PUNTAJE100)+(RESPUESTA5C * PUNTAJE50)) +
((RESPUESTA6B * PUNTAJE100)+(RESPUESTA6A * PUNTAJE50)) +
((RESPUESTA7C * PUNTAJE100)+(RESPUESTA7D * PUNTAJE50))))  NOTA

FROM EVALUACIONES

JOIN TEST ON TESTID = TESTALUMNO
JOIN PREGUNTAS ON TEST_TESTID = TESTID

GROUP BY PROGRAMA, TESTALUMNO,
(((RESPUESTA1A * PUNTAJE100)+(RESPUESTA1B * PUNTAJE50)) +
((RESPUESTA2B * PUNTAJE100)+(RESPUESTA2C * PUNTAJE50)) +
((RESPUESTA3C * PUNTAJE100)+(RESPUESTA3D * PUNTAJE50)) +
((RESPUESTA4D * PUNTAJE100)+(RESPUESTA4A * PUNTAJE50)) +
((RESPUESTA5A * PUNTAJE100)+(RESPUESTA5C * PUNTAJE50)) +
((RESPUESTA6B * PUNTAJE100)+(RESPUESTA6A * PUNTAJE50)) +
((RESPUESTA7C * PUNTAJE100)+(RESPUESTA7D * PUNTAJE50)))

HAVING  PROGRAMA = 'JAVA FULL STACK TRAINEE' AND TESTALUMNO = 2 

;

-------------------------------------------------------